{
  "IcoMoonType": "selection",
  "icons": [
    {
      "icon": {
        "paths": [
          "M640 256h-512c-35.2 0-63.68 28.8-63.68 64l-0.32 384c0 35.2 28.8 64 64 64h512c35.2 0 64-28.8 64-64v-384c0-35.2-28.8-64-64-64zM627.2 392l-226.24 141.44c-10.24 6.4-23.68 6.4-33.92 0l-226.24-141.44c-8-5.12-12.8-13.76-12.8-23.040 0-21.44 23.36-34.24 41.6-23.040l214.4 134.080 214.4-134.080c18.24-11.2 41.6 1.6 41.6 23.040 0 9.28-4.8 17.92-12.8 23.040z"
        ],
        "attrs": [],
        "width": 768,
        "isMulticolor": false,
        "isMulticolor2": false,
        "grid": 0,
        "tags": [
          "email-black"
        ],
        "colorPermutations": {}
      },
      "attrs": [],
      "properties": {
        "order": 27,
        "id": 4,
        "name": "email-black",
        "prevSize": 32
      },
      "setIdx": 0,
      "setId": 5,
      "iconIdx": 0
    },
    {
      "icon": {
        "paths": [
          "M1024 85.333l-1024 480 327.251 101.001 504.749-394.334-383.927 431.629 0.311 0.098-0.384-0.098v235.038l183.522-178.419 232.482 71.753 159.996-746.667z"
        ],
        "attrs": [],
        "isMulticolor": false,
        "isMulticolor2": false,
        "grid": 0,
        "tags": [
          "icon sendtele"
        ],
        "colorPermutations": {}
      },
      "attrs": [],
      "properties": {
        "order": 28,
        "id": 3,
        "name": "icon-sendtele",
        "prevSize": 32
      },
      "setIdx": 0,
      "setId": 5,
      "iconIdx": 1
    },
    {
      "icon": {
        "paths": [
          "M512 512c94.293 0 170.667-76.373 170.667-170.667s-76.373-170.667-170.667-170.667c-94.293 0-170.667 76.373-170.667 170.667s76.373 170.667 170.667 170.667zM512 597.333c-113.92 0-341.333 57.173-341.333 170.667v42.667c0 23.467 19.2 42.667 42.667 42.667h597.333c23.467 0 42.667-19.2 42.667-42.667v-42.667c0-113.493-227.413-170.667-341.333-170.667z"
        ],
        "attrs": [],
        "isMulticolor": false,
        "isMulticolor2": false,
        "grid": 0,
        "tags": [
          "person-black"
        ],
        "colorPermutations": {}
      },
      "attrs": [],
      "properties": {
        "order": 29,
        "id": 2,
        "name": "person-black",
        "prevSize": 32
      },
      "setIdx": 0,
      "setId": 5,
      "iconIdx": 2
    },
    {
      "icon": {
        "paths": [
          "M628.322 591.578l-78.43-8.956c-18.833-2.159-37.359 4.326-50.637 17.6l-56.815 56.815c-87.381-44.463-159.016-115.789-203.479-203.477l57.122-57.125c13.277-13.277 19.761-31.803 17.6-50.639l-8.954-77.81c-3.705-31.186-29.951-54.653-61.445-54.653h-53.417c-34.891 0-63.916 29.024-61.754 63.916 16.365 263.692 227.255 474.273 490.634 490.636 34.893 2.163 63.915-26.863 63.915-61.751v-53.419c0.311-31.185-23.155-57.429-54.34-61.137z"
        ],
        "attrs": [],
        "width": 768,
        "isMulticolor": false,
        "isMulticolor2": false,
        "grid": 0,
        "tags": [
          "phone-black"
        ],
        "colorPermutations": {}
      },
      "attrs": [],
      "properties": {
        "order": 30,
        "id": 1,
        "name": "phone-black",
        "prevSize": 32
      },
      "setIdx": 0,
      "setId": 5,
      "iconIdx": 3
    },
    {
      "icon": {
        "paths": [
          "M866.381 152.512c16.828-14.789 39.224-22.965 62.459-22.803 23.236 0.162 45.494 8.65 62.079 23.673s26.198 35.405 26.812 56.847c0.613 21.441-7.819 42.264-23.521 58.074l-476.672 550.282c-8.196 8.149-18.089 14.689-29.086 19.229-10.998 4.539-22.873 6.985-34.918 7.191-12.044 0.207-24.011-1.832-35.183-5.992-11.171-4.161-21.32-10.358-29.837-18.221l-316.109-291.793c-8.803-7.571-15.864-16.702-20.761-26.848s-7.53-21.097-7.743-32.203c-0.212-11.105 2.001-22.136 6.507-32.434 4.506-10.299 11.214-19.655 19.722-27.508 8.508-7.854 18.643-14.045 29.8-18.206 11.157-4.159 23.107-6.202 35.138-6.006 12.030 0.196 23.895 2.627 34.886 7.146 10.991 4.521 20.882 11.039 29.086 19.164l250.163 230.81 414.907-487.975c0.748-0.849 1.545-1.659 2.389-2.426h-0.119z"
        ],
        "attrs": [],
        "isMulticolor": false,
        "isMulticolor2": false,
        "grid": 0,
        "tags": [
          "Vectorgalo"
        ],
        "colorPermutations": {}
      },
      "attrs": [],
      "properties": {
        "order": 31,
        "id": 0,
        "name": "Vectorgalo",
        "prevSize": 32
      },
      "setIdx": 0,
      "setId": 5,
      "iconIdx": 4
    }
  ],
  "height": 1024,
  "preferences": {
    "showGlyphs": true,
    "showQuickUse": true,
    "showQuickUse2": true,
    "showSVGs": true,
    "fontPref": {
      "prefix": "icon-",
      "metadata": {
        "fontFamily": "icomoon"
      },
      "metrics": {
        "emSize": 1024,
        "baseline": 6.25,
        "whitespace": 50
      },
      "embed": false
    },
    "imagePref": {
      "prefix": "icon-",
      "png": true,
      "useClassSelector": true,
      "color": 0,
      "bgColor": 16777215,
      "classSelector": ".icon",
      "name": "icomoon",
      "height": 32,
      "columns": 16,
      "margin": 16
    },
    "historySize": 50,
    "showCodes": true,
    "gridSize": 16
  }
}